,Country Name,Country Code,Indicator Name,Indicator Code,1960,1961,1962,1963,1964,1965,1966,1967,1968,1969,1970,1971,1972,1973,1974,1975,1976,1977,1978,1979,1980,1981,1982,1983,1984,1985,1986,1987,1988,1989,1990,1991,1992,1993,1994,1995,1996,1997,1998,1999,2000,2001,2002,2003,2004,2005,2006,2007,2008,2009,2010,2011,2012,2013,2014,2015,2016,Unnamed: 61
0,Aruba,ABW,GDP (current US$),NY.GDP.MKTP.CD,,,,,,,,,,,,,,,,,,,,,,,,,,,,,,,,,,,1330167597.7653599,1320670391.06145,1379888268.15642,1531843575.4189901,1665363128.4916198,1722798882.68156,1873452513.96648,1920262569.8324,1941094972.0670397,2021301675.97765,2228279329.6089396,2331005586.5921803,2421474860.3352,2623726256.9832397,2791960893.85475,2498932960.89385,2467703910.61453,2584463687.15084,,,,,,
1,Afghanistan,AFG,GDP (current US$),NY.GDP.MKTP.CD,537777811.111111,548888895.5555559,546666677.777778,751111191.111111,800000044.4444441,1006666637.77778,1399999966.6666698,1673333417.77778,1373333366.6666698,1408888922.22222,1748886595.5555599,1831108971.1111102,1595555475.5555599,1733333264.4444401,2155555497.77778,2366666615.55556,2555555566.66667,2953333417.77778,3300000108.88889,3697940409.6109796,3641723321.99546,3478787909.09091,,,,,,,,,,,,,,,,,,,,2461665937.8938603,4128820723.0471296,4583644246.48061,5285465685.86423,6275073571.54659,7057598406.61553,9843842455.48323,10190529882.4878,12486943505.7381,15936800636.2487,17930239399.8149,20536542736.7297,20046334303.9661,20050189881.6659,19702986340.5494,19469022207.6357,
2,Angola,AGO,GDP (current US$),NY.GDP.MKTP.CD,,,,,,,,,,,,,,,,,,,,,,,,,,6684491978.60963,6684491978.60963,6684491978.60963,6684491978.60963,10026737967.9144,10026737967.9144,12118610904.2251,5684291718.77106,5278182970.79618,4059352153.0536795,5039552482.42778,7526446605.51712,7648377412.83277,6445041824.66621,6152922942.98032,9129594818.60749,8936063723.20121,12497346669.6684,14188949190.618,19640848728.8937,28233712830.9035,41789478661.3096,60448921272.2326,84178032716.0971,75492384801.3695,82470913120.7314,104115923082.737,115398371427.673,124912063308.202,126776874216.703,102962245246.70801,89633156470.3104,
3,Albania,ALB,GDP (current US$),NY.GDP.MKTP.CD,,,,,,,,,,,,,,,,,,,,,,,,,1924242453.00793,1965384586.2409,2173750012.5,2156624900.0,2126000000.0,2335124987.5,2101624962.5,1139166645.8333302,709452583.880319,1228071037.84446,1985673798.10258,2424499009.1426396,3314898291.75235,2359903108.38446,2707123772.16195,3414760915.27878,3632043907.9773297,4060758804.12084,4435078647.74817,5746945912.58082,7314865175.6199,8158548716.68554,8992642348.7871,10701011896.7708,12881352687.7773,12044212903.8168,11926953258.916,12890867538.5302,12319784787.2987,12781029643.5936,13219857459.1009,11390365293.8057,11926892452.8499,
4,Andorra,AND,GDP (current US$),NY.GDP.MKTP.CD,,,,,,,,,,,78619206.0850963,89409820.3592814,113408231.94408502,150820102.798401,186558696.279204,220127246.376812,227281024.620741,254020153.340635,308008897.569444,411578334.159643,446416105.825017,388958731.302938,375895956.383462,327861832.94663596,330070689.29828197,346737964.774951,482000594.03587997,611316399.407088,721425939.15155,795449332.396346,1029048481.88051,1106928582.86629,1210013651.87713,1007025755.00065,1017549124.33238,1178738991.19295,1223945356.6268198,1180597272.72727,1211932397.81713,1239876305.13531,1401695227.5658698,1484017897.0917199,1717485413.13759,2373927765.23702,2916786689.84356,3248215396.0950103,3536632793.87781,4010990966.32904,4001201113.2268896,3650083356.4879103,3346516556.29139,3427022518.76564,3146151869.45908,3248924588.42273,,,,
5,Arab World,ARB,GDP (current US$),NY.GDP.MKTP.CD,,,,,,,,,25760683041.0826,28434203615.4795,31385499664.0635,36426909888.3884,43316056615.451004,55018394945.576,105145803084.364,116337021938.327,144846175400.471,167308327683.573,183555544342.167,248646206366.97302,338177454717.49896,348592795413.075,324328753765.261,303962539723.043,307940771858.505,303893618415.50604,289029150639.408,312681678329.895,307503035642.479,322325140494.687,446877161735.16705,439779177858.364,471163515480.25604,476513630630.26794,487526906280.526,523759898288.29297,578231297763.478,613279452474.103,591525594021.3989,643889670873.196,735025140336.255,723282816382.445,729051715403.984,823110541431.167,963862340520.5809,1184661549595.13,1404113530800.68,1637573196970.62,2077706582271.06,1795472295052.32,2109224213446.0,2501942770389.97,2740536188974.18,2838294388723.79,2904404570076.29,2561129553776.39,2500931669252.23,
6,United Arab Emirates,ARE,GDP (current US$),NY.GDP.MKTP.CD,,,,,,,,,,,,,,,,14720672506.5004,19213022691.0526,24871775164.6043,23775831783.4263,31225463217.7582,43598748449.0479,49333424135.1131,46622718605.2847,42803323345.1376,41807954235.903,40603650231.5445,33943612094.7971,36384908744.2114,36275674203.2144,41464995913.9199,50701443748.2975,51552165622.4462,54239171887.769005,55625170253.337006,59305093979.842,65743666575.8649,73571233996.1863,78839008444.5655,75674336283.1858,84445473110.9598,104337372362.151,103311640571.81801,109816201497.61699,124346358066.71199,147824370319.94598,180617018379.85,222116541865.214,257916133424.09802,315474615738.598,253547358747.447,289880430197.25,350908390046.35803,374817974113.476,390427289210.786,403197682887.71704,357949199759.586,348743265715.395,
7,Argentina,ARG,GDP (current US$),NY.GDP.MKTP.CD,,,24450604877.6081,18272123664.4715,25605249381.7597,28344705966.6389,28630474727.9023,24256667553.2569,26436857247.4982,31256284543.6155,31584210365.5447,33293199095.4881,34733000536.2862,52544000116.9037,72436777342.4554,52438647921.9226,51169499890.7722,56781000100.9448,58082870156.2634,69252328953.3789,76961923741.9478,78676842366.4213,84307486836.724,103979106777.911,79092001998.032,88416668900.2596,110934442762.694,111106191358.19699,126206817196.091,76636898036.4712,141352368714.691,189719984268.485,228788617201.696,236741715015.015,257440000000.0,258031750000.0,272149750000.0,292859000000.0,298948250000.0,283523000000.0,284203750000.0,268696750000.0,97724004251.8602,127586973492.17699,164657930452.787,198737095012.28198,232557260817.308,287530508430.568,361558037110.419,332976484577.61896,423627422092.49,530163281574.65796,545982375701.128,552025140252.246,526319673731.63794,584711485367.2671,545866164478.053,
8,Armenia,ARM,GDP (current US$),NY.GDP.MKTP.CD,,,,,,,,,,,,,,,,,,,,,,,,,,,,,,,2256838858.4271398,2068526521.9029899,1272577521.7683,1201313196.45626,1315158670.4797099,1468317350.02343,1596968913.19202,1639492424.38103,1893726437.35976,1845482181.48539,1911563665.3900602,2118467913.37873,2376335048.3997602,2807061008.69084,3576615240.41616,4900469515.07252,6384451606.1421,9206301700.39619,11662040713.8753,8647936747.987041,9260284937.797821,10142111334.4961,10619320048.5857,11121465767.4067,11609512939.7543,10529182498.3475,10547331235.1895,
9,American Samoa,ASM,GDP (current US$),NY.GDP.MKTP.CD,,,,,,,,,,,,,,,,,,,,,,,,,,,,,,,,,,,,,,,,,,,514000000.0,527000000.0,512000000.0,503000000.0,496000000.0,520000000.0,563000000.0,678000000.0,576000000.0,574000000.0,644000000.0,639000000.0,638000000.0,641000000.0,,
10,Antigua and Barbuda,ATG,GDP (current US$),NY.GDP.MKTP.CD,,,,,,,,,,,,,,,,,,77496740.7407407,87879333.3333333,109079962.962963,131431037.03703701,147841740.74074098,164369296.296296,182144111.11111102,208372851.851852,240923925.92592597,290440148.148148,337174851.851852,398637740.740741,438794777.77777797,459469074.07407403,481706333.333333,499281148.14814806,535172777.777778,589429592.592593,577280740.740741,633730629.62963,680617111.111111,727860592.592593,766198925.925926,825405518.518518,795976518.518518,809754481.481482,850218592.592592,913710370.3703699,1014979666.66667,1149025481.4814801,1302388925.92593,1359733555.5555599,1217719666.6666698,1147942222.22222,1141865444.4444401,1216045777.77778,1195885111.11111,1274330333.3333302,1355645888.88889,1449160185.18519,
11,Australia,AUS,GDP (current US$),NY.GDP.MKTP.CD,18593347519.3191,19666256019.7111,19911524246.8362,21527606674.8796,23787658192.4068,25962593795.4978,27288610146.712997,30421099787.2102,32687870982.1929,36659200358.3828,41304737372.6061,45183111210.6619,52003504672.8972,63782190903.2671,88906411201.1791,97226546497.3372,104974158578.092,110266116081.67,118400631626.438,134793820288.53801,149887465181.059,176804829908.278,193954540439.148,177176415535.798,193503894222.061,180470967247.066,182281757134.863,189375992588.67102,236135768335.274,299941372852.37396,311425933051.174,326068597441.331,325692532492.502,312372821810.00604,323216879972.328,368391743391.743,401819423368.74,436097980904.68,399778878111.646,389146509587.66797,415446209885.072,378899860470.108,394635830891.586,466853232382.062,613329776639.636,693764095624.718,747572626534.891,853764622752.61,1055334825425.25,927168310999.853,1142876772659.21,1390557034407.97,1538194473087.23,1567178619062.28,1459597906912.7,1345383143356.35,1204616439828.41,
12,Austria,AUT,GDP (current US$),NY.GDP.MKTP.CD,6592693841.18495,7311749633.36229,7756110210.119659,8374175257.73075,9169983885.71185,9994070615.85997,10887682273.1014,11579431668.9165,12440625312.8685,13582798556.2404,15335972267.7957,17815464919.0439,22006470861.3608,29444365310.2818,35104529078.3274,39962704274.3146,42856485617.8569,51421585629.8393,61902774945.5131,73759181883.685,81861232822.8037,70863106877.48401,71103585383.5605,71947277233.032,67821568599.1335,69219621907.4222,98797587381.7035,123869321397.475,133018182770.534,132785154342.17401,166062376739.683,173375508073.07,194608183696.469,189921096652.07602,203044926876.28,240457622492.15198,236720496490.772,212323463750.14102,217683626056.025,216725261027.06198,196421706283.398,196953628635.347,212970685111.98898,260721478555.305,299857238639.185,314648986444.472,334309371471.584,386458951546.674,427611527757.43396,397594276187.83,390211866490.257,429037361514.409,407451583084.239,428248420485.175,438376178526.317,376967406147.98706,386427793787.215,
13,Azerbaijan,AZE,GDP (current US$),NY.GDP.MKTP.CD,,,,,,,,,,,,,,,,,,,,,,,,,,,,,,,8858006035.915659,8792365810.5094,4991350457.5425,3973027396.65195,3313739673.54738,3052467522.3610396,3176749593.11788,3962710163.1116705,4446396217.63265,4581222442.457829,5272617196.045171,5707720390.8515,6235795103.88809,7276013031.96905,8680472168.51531,13245716099.0057,20983019923.8863,33050343782.7759,48852482960.0779,44291490420.5026,52902703376.1056,65951627200.2026,69684317718.9409,74164435946.4627,75244166772.9185,53074370486.0433,37847715736.0406,
14,Burundi,BDI,GDP (current US$),NY.GDP.MKTP.CD,195999990.0,202999992.0,213500006.0,232749998.0,260750008.0,158994962.96296299,165444571.428571,178297142.85714298,183200000.0,190205714.285714,242732571.428571,252842285.714286,246804571.428571,304339839.552146,345263492.063492,420986666.666667,448412753.62318796,547535555.5555559,610225555.5555559,782496666.666667,919726666.666667,969046666.666667,1013222222.22222,1082926304.4647698,987143931.166987,1149979285.77347,1201725497.0657802,1131466494.01101,1082403219.48787,1113924130.41149,1132101252.5181699,1167398478.3459,1083037670.60484,938632612.026359,925030590.1536831,1000428393.8852801,869033856.317093,972896267.915425,893770806.077641,808077223.365746,870486065.883137,876794723.068586,825394490.159111,784654423.620476,915257323.3961,1117257279.46188,1273180597.0271099,1356078278.18821,1611634331.64869,1739781488.7457,2026864469.3638802,2355652125.85184,2472384906.99794,2714505634.52629,3093647226.8107,3097324739.8493,3007029030.3997602,
15,Belgium,BEL,GDP (current US$),NY.GDP.MKTP.CD,11658722590.99,12400145221.595,13264015675.3193,14260017387.0492,15960106680.6732,17371457607.9374,18651883472.4808,19992040788.4593,21376353113.475,23710735894.7022,26849173618.3945,29981318394.8688,37408626615.3423,47999408507.5554,56333063690.9693,66029811341.45,71494607105.5381,83283407090.6021,101788571282.18301,116938177352.779,127508322941.095,105290713602.78099,92588982518.0999,87650998816.568,83795759983.2449,86730120728.3103,120661334386.85199,150194219665.046,163168007789.358,165100250614.251,206431036697.24802,211638016538.689,236038607528.23102,225924893540.112,246195171328.67102,289567597153.80396,281357654723.127,254813937753.721,260602356079.129,260202429149.798,237904919845.21802,237841610738.255,258860342555.995,319003386004.515,370885274397.815,387365999253.824,409813072387.404,471821790309.335,518626043650.21204,484552653514.865,483548693409.33704,527008036846.81104,497884088082.651,520117140495.05896,531750903174.68604,454991318727.90704,466365727353.85,
16,Benin,BEN,GDP (current US$),NY.GDP.MKTP.CD,226195579.35701,235668222.42998397,236434906.75427002,253927646.475909,269818988.259263,289908720.64862204,302925280.77356404,306222000.407316,326323097.355964,330748211.459737,333627758.154666,335072975.215766,410331900.950531,504376035.716401,554654786.9651071,676870140.341529,698408244.385343,750049739.152238,928843304.783965,1186231265.18417,1405251547.2388198,1291119965.1126199,1267778489.03079,1095348302.91865,1051133927.00009,1045712703.02696,1336102040.71025,1562412030.34838,1620246187.15171,1502294411.46202,1959965243.7626898,1986437859.9034603,1695315305.7030802,2274557914.07481,1598075932.3543198,2169627250.9337897,2361116587.86079,2268301537.65128,2455092582.30927,2689787917.50711,2569186642.86999,2680213931.46472,3054571081.6912,3905366187.87017,4521424807.22519,4803702821.08055,5142380779.44103,5969535131.58016,7132787396.66547,7097198711.6102295,6970240895.498879,7814081155.649879,8152554487.31321,9156748441.42175,9707432015.614408,8290986804.45245,8583031398.21675,
17,Burkina Faso,BFA,GDP (current US$),NY.GDP.MKTP.CD,330442817.168859,350247237.11684,379567178.256898,394040749.12567,410321785.631059,422916848.424208,433889831.584706,450753993.17644805,460442864.205949,478298781.545658,458404330.125096,482411278.982439,578595583.975723,674773821.1514161,751133642.647461,939972703.463021,976547572.215824,1131225278.77773,1475584037.28156,1748480982.18517,1928720390.2886899,1775842679.94056,1754450379.2077,1600278756.43589,1459880352.6483,1552493413.98989,2036303381.2014198,2369835438.62393,2616040645.87263,2615588545.68629,3101301780.95067,3135045684.1006,2240264711.54816,2332018010.55341,1895290964.8082898,2379518099.2266,2586550747.0984397,2447669403.89018,2804902723.73145,2993753187.09677,2628920056.1009803,2812845513.57125,3205592289.79773,4205691222.1139603,4838551099.70985,5462709498.45119,5844669845.53733,6771277870.96412,8369637065.40255,8369175126.2531595,8979966766.07232,10724061338.5874,11166061507.8024,11934606509.5944,12400688571.1396,11148759324.507,12115155931.5461,
18,Bangladesh,BGD,GDP (current US$),NY.GDP.MKTP.CD,4274893913.46432,4817580183.56657,5081413339.74945,5319458351.12372,5386054619.3107605,5906636556.95802,6439687598.27648,7253575399.268821,7483685473.4584,8471006100.89247,8992721809.328009,8751842839.73302,6288245866.66667,8086725729.3407,12512460519.7088,19448348073.4565,10117113333.3333,9651149301.8746,13281767142.8571,15565480321.9448,18138049095.6072,20249694002.448,18525399201.5968,17609048821.5488,18920840000.0,22278423076.9231,21774033333.3333,24298032258.0645,26579005760.315,28781714763.7823,31598341233.5793,30957483290.541,31708873954.9405,33166520084.8295,33768662171.2233,37939748051.3878,46438482370.3942,48244308274.8086,49984559471.3656,51270569883.5275,53369787318.6245,53991289844.3291,54724081490.5102,60158929188.2556,65108544250.0425,69442943089.4309,71819083683.7403,79611888213.148,91631278239.3237,102477791472.39,115279077465.226,128637938711.386,133355749482.47801,149990451022.29,172885454931.453,195078561219.325,221415280325.518,
19,Bulgaria,BGR,GDP (current US$),NY.GDP.MKTP.CD,,,,,,,,,,,,,,,,,,,,,19839230769.2308,19870000000.0,19342000000.0,16563666666.6667,17594944444.4444,17155421052.6316,20249294117.6471,28101000000.0,22555941176.4706,21988444444.4444,20632090909.0909,10943548387.0968,10350515463.9175,10829710144.9275,9697416974.16974,13063422619.0476,10109404159.6402,11195630536.8928,14630974778.4594,13495062850.302,13148099185.2305,14135393875.5893,16360346653.8276,21074775206.3254,26094622563.6468,29821662537.3229,34304448149.8108,44765733379.98599,54666642734.2757,51783454183.5501,50610031135.7791,57418391041.5926,53903028252.2996,55758744571.1183,56732006512.0065,50199117547.0415,52395164027.1493,
20,Bahrain,BHR,GDP (current US$),NY.GDP.MKTP.CD,,,,,,,,,,,,,,,,,,,,,3072698328.46909,3467819148.93617,3645744680.8510604,3735106382.97872,3905585106.38298,3651861702.1276603,3052393617.0212803,3392021010.6383,3702393617.02128,3863563829.7872295,4229787234.04255,4616223404.255321,4751063829.78723,5200265957.44681,5567553457.44681,5849467819.14894,6101861436.17021,6349202393.617021,6183776595.744679,6621010372.340429,9062906914.89362,8976207712.765959,9632155053.19149,11074822074.4681,13150166755.3191,15968726861.7021,18505053191.4894,21730000000.0,25710877659.5745,22938218085.1064,25713271276.5957,29157446808.5106,30749308510.6383,32898670212.766003,33387712765.9574,31125851063.8298,31858510638.2979,
21,"Bahamas, The",BHS,GDP (current US$),NY.GDP.MKTP.CD,169803921.568627,190098039.21568602,212254901.96078402,237745098.039216,266666666.66666698,300392156.86274505,340000000.0,390196078.431373,444901960.784314,528137254.901961,538423153.692615,573400000.0,590900000.0,670900000.0,632400000.0,596200000.0,642100000.0,713000000.0,832400000.0,1139800100.0,1335300000.0,1426500000.0,1578300000.0,1732800000.0,2041100000.0,2320699900.0,2472500000.0,2713999900.0,2817900000.0,3062000000.0,3166000000.0,3111160000.0,3109000000.0,3092000000.0,3259000000.0,3429000000.0,3609000000.0,4961119000.0,5353524000.0,6019972000.0,6327552000.0,6516651000.0,6957996000.0,6949317000.0,7094413000.0,7706222000.0,7965588000.0,8318996000.0,8247000000.0,7820000000.0,7910000000.0,7890000000.0,8399000000.0,8522000000.0,8618000000.0,8854000000.0,9047000000.0,
22,Bosnia and Herzegovina,BIH,GDP (current US$),NY.GDP.MKTP.CD,,,,,,,,,,,,,,,,,,,,,,,,,,,,,,,,,,,1255802469.1358,1866572953.7366602,2786045321.63743,3671816504.23851,4116699437.4041,4685729738.56209,5505984455.95855,5748990666.17862,6651226179.01829,8370020196.19158,10022840634.9206,11225138297.1959,12866524918.2221,15776422673.198,19101454463.7507,17600630726.6141,17164279813.0968,18629346790.8167,17207367625.8048,18154290272.2151,18521475376.4754,16173806634.5336,16559695718.568,
23,Belarus,BLR,GDP (current US$),NY.GDP.MKTP.CD,,,,,,,,,,,,,,,,,,,,,,,,,,,,,,,21650000000.0,17420000000.0,17120370370.3704,16286280991.7355,14932192010.7419,13972630803.5817,14756861538.4615,14128412417.193,15222014828.3039,12138485328.6267,12736856827.9847,12354820143.8849,14594925392.9691,17825436034.5366,23141587717.7633,30210091836.8294,36961821893.6976,45275747860.6442,60752177438.8895,49208656976.0389,57231904542.8755,61762341356.8996,65685903833.0838,75527537703.1836,78813049849.6078,56454775870.958,47433442293.1858,
24,Belize,BLZ,GDP (current US$),NY.GDP.MKTP.CD,28071888.562228803,29964370.7125857,31856922.8615428,33749405.0118998,36193826.1234775,40069930.0699301,44405594.40559439,47379310.3448276,44910179.6407186,47305389.221556894,53233532.934131704,59207317.07317071,66062500.0,78343558.28220859,103216374.269006,118066298.342541,96905829.5964126,117650000.0,136300000.0,151800000.0,194750000.0,192900000.0,179250000.0,189000000.0,210900000.0,209150000.0,227850000.0,276550000.0,314900000.0,363150000.0,413050000.0,444720750.0,518239100.0,559858250.0,580863700.0,620140400.0,641383800.0,654314350.0,688992450.0,732732350.0,832072450.0,871860600.0,932551850.0,990374050.0,1057845500.0,1114222550.0,1217467600.0,1290573400.0,1368625150.0,1336957250.0,1397113450.0,1486712300.0,1573618750.0,1613705850.0,1706497950.0,1742545900.0,1765256400.0,
25,Bermuda,BMU,GDP (current US$),NY.GDP.MKTP.CD,84466654.0801544,89249986.70071559,94149985.9705588,96366652.3069165,107566650.637987,114339048.96273601,134173373.782802,155102984.621576,150000000.0,164900000.0,186300000.0,211100000.0,235400000.0,269500000.0,312600000.0,345000000.0,386300000.0,447000000.0,475800000.0,517200000.0,613299968.0,739100032.0,785500032.0,889400000.0,985699968.0,1039500032.0,1173500032.0,1296499968.0,1415100032.0,1501500032.0,1592400000.0,1634899968.0,1679900032.0,1820359936.0,1867160064.0,2030749952.0,2695390000.0,2932827000.0,3130748000.0,3324433000.0,3480219000.0,3680483000.0,3937228000.0,4186525000.0,4484703000.0,4868136000.0,5414299000.0,5895048000.0,6109928000.0,5806378000.0,5744414000.0,5550771000.0,5537537000.0,5573710000.0,,,,
26,Bolivia,BOL,GDP (current US$),NY.GDP.MKTP.CD,563110051.920733,612518906.826491,669722541.277818,721142957.311474,812543072.505384,908874537.0370369,994044553.8720539,1084059814.81481,908874537.0370369,964615698.6531991,1017171717.1717199,1095454545.45455,1257615644.9793198,1263018490.7546198,2100249875.06247,2404697651.1744103,2732083958.02099,3227436281.85907,3758220889.55522,4421343606.18135,4537487842.57749,5891606676.18271,5594118400.16731,5422656261.71049,6169481549.374821,5377277406.71638,3959379487.6064,4347956298.51327,4597615562.66594,4715978868.216129,4867582620.20708,5343274311.56789,5643893347.00679,5734676560.92471,5981244886.917,6715220507.05164,7396966657.470541,7925673448.41368,8497545598.08352,8285075872.27307,8397912509.09679,8141537937.61068,7905485216.17852,8082364868.39357,8773451738.911291,9549077869.10651,11451869164.7112,13120159975.5451,16674324634.2373,17339992165.2422,19649631308.1648,23963033443.8518,27084497539.7974,30659338929.0883,32996187988.4226,33000198263.3864,33806395513.7482,
27,Brazil,BRA,GDP (current US$),NY.GDP.MKTP.CD,15165569912.5199,15236854859.469,19926293839.0163,23021477292.2093,21211892259.9904,21790035117.19,27062716577.9111,30591834053.9653,33875881876.3672,37458898243.8609,42327600098.2412,49204456700.4516,58539008786.3684,79279057730.82901,105136007528.76,123709376567.89,152678020452.829,176171284311.76102,200800891870.16397,224969488835.18103,235024598983.26102,263561088977.129,281682304161.041,203304515490.795,209023912696.839,222942790435.29898,268137224729.722,294084112392.66,330397381998.489,425595310000.0,461951782000.0,602860000000.0,400599250000.0,437798577639.752,558111997497.263,785643456467.255,850425828275.793,883199443413.729,863723395088.3241,599388879704.634,655421153320.579,559372502338.237,507962741819.919,558320116997.075,669316239316.239,891629970423.9241,1107640325472.35,1397084381901.29,1695824517395.57,1667019605881.76,2208871646202.82,2616201578192.25,2465188674415.03,2472806919901.67,2455993200170.0,1803652649613.75,1796186586414.45,
28,Barbados,BRB,GDP (current US$),NY.GDP.MKTP.CD,,,,,,,,,,,,,,,,,,,,,1012264035.9383401,1114104641.92324,1164059789.75045,1235775210.8196099,1347033586.8008199,1409740726.1551,1547790025.47984,1704440882.93392,1812891396.4731102,2006394477.47387,2012302519.5212398,2020744653.61842,1957168343.5437398,2063267995.73752,2151285060.4914103,2261996995.18515,2411846465.43502,2549260575.0703897,2874413287.26735,3012021852.2502,3121619807.97687,3116632412.98352,3169612598.3333397,3274856571.16604,3514370691.25563,3897467233.85757,4303275572.40197,4546115388.40716,4595264650.0,4601250000.0,4446800000.0,4358900000.0,4332150000.0,4371200000.0,4352700000.0,4421800000.0,4587550000.0,
29,Brunei Darussalam,BRN,GDP (current US$),NY.GDP.MKTP.CD,,,,,,114040245.655299,132758395.400497,139030445.576898,160819286.554292,161211289.690318,179080099.30746102,197523179.241883,270818555.823521,433092003.579273,1073577085.64159,1168304305.6551301,1423061356.6456199,1732721160.9412198,1941600703.6059802,2803780005.51826,4928824957.9675,4366213849.57637,4264252336.4486,3844723142.45149,3782523088.4628,3523612563.0653205,2358592817.12134,2754463437.79677,2690717551.18267,2985467979.2852397,3520551724.13793,3701667052.55846,4183548189.07305,4105706151.75145,4087337959.93191,4734020036.68689,5115602836.87943,5197332974.13793,4051147227.53346,4600000000.0,6001153306.2645,5601090584.36122,5843329107.56171,6557333084.60567,7872333215.004141,9531402847.87311,11470703002.0769,12247694247.2298,14393099068.5859,10732366286.2643,13707370737.0737,18525319977.7407,19048495518.5659,18093829923.2737,17123125493.2912,12930394937.8137,11400266877.3769,
30,Bhutan,BTN,GDP (current US$),NY.GDP.MKTP.CD,,,,,,,,,,,,,,,,,,,,,135653295.165394,146391639.722864,148934334.038055,165585940.59405902,169264991.197183,172217502.02101898,201375725.614592,253182453.703704,283855833.333333,275949889.09427,299787275.842376,250045839.929639,250794359.567901,235239570.350935,270801565.189672,303053462.843047,316420860.852385,365964500.137703,376955087.251575,419035810.496981,439158233.199822,476360697.18160594,537050133.717342,622026107.7715759,702682018.976169,818869145.124717,897731524.9299221,1196091805.02316,1258332337.28382,1264758197.96593,1585472534.10547,1820207625.80217,1823692109.61652,1798333725.8395398,1958819914.95916,2057947621.19283,2236933237.89015,
31,Botswana,BWA,GDP (current US$),NY.GDP.MKTP.CD,30412308.986401197,32902336.644746,35643207.626524605,38091150.566196,41613969.0506064,45790869.747312605,51464435.1464435,58646443.5146444,66248256.62482571,77356914.0788191,96245114.4611949,126957494.40715902,165258093.875959,244129088.027662,306033848.417954,355172413.793103,372010119.59521604,451603325.41567695,590376720.598889,819877300.613497,1060923829.1302099,1073861599.13948,1014907254.54016,1172258182.1496902,1240796364.75662,1114764007.14811,1392634771.9653,1965274882.36345,2644536804.1124396,3083800684.89751,3790567051.8677797,3942792837.35655,4146513722.3301897,4160086253.1468,4259330999.0315104,4730611067.02258,4847752842.78924,5020214747.45261,4790458837.170779,5484257417.17844,5788329609.15755,5489608299.66445,5438857106.73536,7511582173.37724,8957467706.5354,9931134940.51346,10126940513.3125,10939053367.1521,10945070441.9283,10267133177.7334,12786654365.8738,15682926890.0326,14686278713.5189,14915780533.086,16259445049.7698,14430608463.4399,15274861068.209,
32,Central African Republic,CAF,GDP (current US$),NY.GDP.MKTP.CD,112155598.949571,123134584.467673,124482748.937917,129379097.888958,142025069.461676,150574816.300764,157930041.875883,163820538.86794698,191767436.956884,188039191.323608,189106554.521277,201450768.367553,230317908.03864303,271183061.359635,281398668.160613,378660016.26593596,451152449.98441106,507298120.68315,610578523.761178,700764892.704831,797048028.773247,694803502.722356,748312283.726758,658679394.907969,637820620.670195,864849765.0596651,1122265026.38274,1200991825.95398,1264899368.20165,1233930277.0492198,1440711395.67069,1377375030.5292099,1411917558.45855,1278781166.72188,851174350.6494089,1115389731.7911901,1007791186.2010599,937741468.029676,967338348.6583141,999477510.686632,914500299.097034,931833302.7528571,991387870.1246301,1139754799.16304,1270080250.6526802,1350301057.06866,1460562038.37097,1698125617.9230402,1985239276.62611,1981728140.77833,1986014845.6318398,2212699746.81377,2184183758.31567,1518565219.0106099,1702898939.55483,1583776759.97697,1756124677.1967099,
33,Canada,CAN,GDP (current US$),NY.GDP.MKTP.CD,41093453544.9096,40767969453.696,41978852041.4426,44657169109.22401,48882938810.2204,53909570342.16901,60358632035.1532,64768831262.1761,70759031841.7237,77887510241.7083,87896095224.4234,99271961477.5203,113082820992.019,131321859214.07901,160408697648.262,173834029787.65198,206575564401.62302,211612156934.65,218632867449.81198,243072102185.41898,273853826377.01,306214863624.99,313506525087.136,340547711781.889,355372558103.62103,364756499450.75104,377437927311.983,431316742081.448,507354351182.25397,565055743243.2429,593929550908.468,610328183643.188,592387689252.916,577170761956.438,578139279437.61,604031623433.401,628546387972.131,652825364726.275,631813279406.808,676082654640.91,742293448252.643,736379777892.562,757950678646.53,892380986367.854,1023196003074.56,1169357979864.66,1315415197461.21,1464977190205.75,1549131208997.19,1371153004986.44,1613464422811.13,1788647906047.76,1824288757447.57,1842628005830.18,1792883225804.38,1552807652015.37,1529760492201.35,
34,Central Europe and the Baltics,CEB,GDP (current US$),NY.GDP.MKTP.CD,,,,,,,,,,,,,,,,,,,,,,,,,,,,,,,256113714527.618,242631767248.70898,259823093659.716,273915105741.89102,310702556423.306,386114777052.74,412629652592.241,408895193163.935,447448444539.62,433914932035.509,427550058634.753,468161745109.39294,527146030956.31396,634284039973.081,762451562237.7991,885747879466.35,1001942855597.53,1260957147846.53,1523196377519.86,1279854250277.72,1312750149554.56,1446220607413.34,1350778814230.21,1421351670726.71,1461972726743.52,1281539342884.75,1303382786630.62,
35,Switzerland,CHE,GDP (current US$),NY.GDP.MKTP.CD,9522746719.21614,10712712465.0522,11879982758.5619,13063643795.7884,14480556571.5476,15346741669.7575,16480058704.8531,17740013179.26,18942729779.1,20524886616.4789,,,,,,,,,,,118710309542.28099,108721034568.78099,111431738019.012,111035571006.622,106019113631.527,107496240242.562,154095512368.67,192981619165.773,208774024533.588,201572650956.66,257420293190.325,260459896582.985,271133679206.37198,263691005481.862,291913801052.862,341759012938.68896,329619351051.78,286604024805.347,294977518761.208,289884127679.404,271659728209.379,278628772872.719,301127808995.252,351982634291.23,393541693928.428,407535656039.19,429195591242.622,477407802315.895,551546962699.658,539528229942.101,581208562423.374,696278717728.1371,665054050620.785,684835034384.327,702705544908.583,670789928809.8821,659827235193.83,
36,Channel Islands,CHI,GDP (current US$),NY.GDP.MKTP.CD,,,,,,,,,,,,,,,,,,,,,,,,,,,,,,,,,,,,,,,5945677376.61477,6262740656.85164,6439703434.710239,6232906290.4851,6663669064.7482,7332244897.95918,8553643354.08275,8827272727.27273,9676172953.08188,11514605842.3369,,,,,,,,,,
37,Chile,CHL,GDP (current US$),NY.GDP.MKTP.CD,4110000000.0,4609727272.72727,5416272727.27273,5668187500.0,5982347826.08696,6026593750.0,7072641025.641029,7013196078.431371,7167086956.521741,8377093023.25581,9126309734.513279,10884114754.0984,11853817307.6923,16836261173.1844,16210404183.5358,7622217352.342159,10341925249.0421,13962893421.5413,15989933708.1491,21803696985.2349,29036709871.7949,34509878043.5897,25325893205.657,20355959237.2128,19622527479.6913,17702885393.5099,18891048818.7426,22255407684.6999,26040229793.0697,29885685142.9107,33113887817.9731,37834793730.3133,45964327558.8836,49297773130.1185,57008425295.8256,73447063319.3034,78039572221.6024,84952360922.4679,81577430181.4074,75173794497.0321,77860932151.8471,70979923960.3742,69736811435.1032,75643459839.6008,99210392857.6116,122964812046.07301,154788024805.808,173605968179.255,179638496278.57397,172389498444.62,218537551220.071,252251992029.442,267122320056.702,278384332694.359,260990299051.17603,242517905161.727,247027912574.30103,
38,China,CHN,GDP (current US$),NY.GDP.MKTP.CD,59716467625.3148,50056868957.6732,47209359005.6056,50706799902.5103,59708343488.5043,70436266146.7219,76720285969.6157,72881631326.6715,70846535055.6503,79705906247.4612,92602973434.0726,99800958648.1436,113687586299.051,138544284708.957,144182133387.722,163431551779.761,153940455341.50598,174938098826.569,149540650406.504,178282608695.65198,191150000000.0,195865079365.07898,205091603053.435,230685823754.78897,259946428571.429,309486394557.823,300759420289.855,272973094170.404,312353909465.021,347767206477.73303,360858508604.206,383372822299.65204,426915227629.51294,444730903968.185,564325246266.838,734548001963.907,863746361646.34,961603416246.472,1029043011921.59,1093997559885.48,1211346395438.73,1339395440432.04,1470549716080.71,1660287543796.06,1955347477285.91,2285965854313.36,2752132089196.58,3552182714426.55,4598205419718.8,5109954035775.98,6100620356557.32,7572554360442.62,8560546868811.69,9607224248684.59,10482371325324.7,11064664793255.7,11199145157649.2,
39,Cote d'Ivoire,CIV,GDP (current US$),NY.GDP.MKTP.CD,546203561.5719889,618245639.221382,645284344.6841179,761047045.8304019,921063266.4455211,919771356.426097,1024103034.29198,1082922892.15202,1281281245.67032,1361360157.26999,1455482990.24143,1584128262.0893302,1849400599.7755802,2508421234.8557,3070151901.06383,3893839190.26806,4662053707.7763,6265067857.86534,7900524897.8644,9142935857.947659,10175615441.8127,8432588483.85263,7567109766.611291,6838185418.53642,6841638714.5454,6977650069.33578,9158302205.36237,10087653189.3287,10255170459.986,9757410614.0812,10795850106.9547,10492628915.4927,11152971316.074,11045759468.9412,8313557450.25213,11000146839.497,12139234938.7863,11722142706.1278,12612033728.8572,12376639822.9265,10717022462.6859,11192560827.2962,12346919216.1359,15306602560.2533,16554441846.5192,17084928927.4555,17800887796.4987,20343635319.6174,24224903099.6283,24277493862.0625,24884505034.5564,25381616734.0693,27040562587.1771,31273049200.242996,35372603446.2605,32828516580.3451,36164644633.0972,
40,Cameroon,CMR,GDP (current US$),NY.GDP.MKTP.CD,618740988.011405,657597382.7591519,699373701.2171379,723624365.288138,782384527.813649,814139855.756458,853268771.097081,934079050.346173,1053077155.17925,1152418514.82616,1160002260.94729,1233991075.11626,1430951331.8503401,1758727395.18703,2255496995.49378,2752771043.88609,3076592431.27204,3366368664.59706,4409920643.6422,5811444660.65752,6740756568.91566,7636345827.34308,7322914570.15588,7381854746.91629,7801858825.184159,8148223603.58398,10621158532.5193,12302471429.4318,12493286761.7341,11140055364.1502,11151578050.7356,12434370004.9586,11396310990.2197,13532137227.585,9220470913.32766,8733231184.34755,9732328115.73674,9840553235.89425,9629649416.89037,10486451144.4061,9287367235.25769,9633109349.64535,10879778384.1965,13621738837.1961,15775357014.6254,16587858856.6778,17953066721.0949,20431780377.8605,23322254113.5623,23381142146.6485,23622483983.7101,26587311527.5711,26472056037.7696,29567504655.4935,32050817632.9602,28415950981.4447,24204448566.6105,
41,"Congo, Dem. Rep.",COD,GDP (current US$),NY.GDP.MKTP.CD,3359404132.31797,3086746936.3978896,3779841409.5526705,6213185773.92265,2881545277.1430697,4043901724.1376204,4532660145.328421,3384063359.82333,3909780525.37375,5032434970.84174,4877684933.12505,5594770351.56981,6173712809.28569,7870239463.584609,9596960174.34365,10237343153.4311,9648583220.472559,12344424775.9239,15372607995.4061,15068422242.0571,14394927492.9647,12537821039.8252,13651667370.5466,11006712649.2175,7857729192.856291,7195042615.84176,8095367168.161779,7661625472.51189,8861299976.68858,9021862775.254429,9349764580.35198,9087965281.52807,8206227134.008571,10707792340.0276,5820383305.5466795,5643439262.21735,5771454939.62404,6090840548.1878395,6215591269.89747,4711259427.27273,19088046305.7971,7438189100.33333,8728038525.14034,8937567059.87754,10297483481.223,11964484667.9102,14296507096.4135,16364029327.3457,19206060270.2521,18262773820.8055,20523285374.187,23849009737.6669,27463220380.0054,30014813755.772003,34028119332.6087,36188521106.9294,34998638634.1,
42,"Congo, Rep.",COG,GDP (current US$),NY.GDP.MKTP.CD,131731862.568997,151675739.160627,166521239.863281,172233430.871502,185693724.845331,198318063.86083502,220613582.369827,237397428.336429,251247458.012189,265040036.059116,274960699.85855,322128019.323561,410669262.897929,541973362.480998,585364635.354748,767102679.0186219,754549600.548182,765224030.636552,878771771.29105,1198749665.95066,1705796849.54655,1993512325.9228601,2160640566.5396,2097274289.61512,2193581366.40722,2160872541.41887,1849268214.68184,2297753649.2798,2212536313.33492,2389593021.9486604,2798746050.5823603,2724853507.6385603,2933222705.80382,1918970177.74925,1769365438.87155,2116003868.17928,2540697537.71673,2322719101.29807,1949481380.6404397,2353909441.71514,3219910666.03357,2794259783.08097,3019993738.77492,3495868808.0512,4648628921.36969,6087003176.11624,7731261310.93322,8394688284.062241,11859014004.0772,9593536531.23778,12007880590.4575,14425607224.168001,13677930123.5919,14085852120.4761,14177437627.2969,8553154505.836929,7833509443.39395,
43,Colombia,COL,GDP (current US$),NY.GDP.MKTP.CD,4040948153.7302203,4552914000.0,4968603735.58222,4838841455.55556,5992169466.66667,5790247619.047621,5452762962.96296,5727195020.23203,5918455409.8099,6405427873.70755,7198360460.198871,7820380970.53674,8671358732.68486,10315760000.3394,12370029583.6419,13098633901.8673,15341403660.4698,19470960619.1297,23263511958.0509,27940411250.2732,33400735644.0481,36388366869.0309,38968039721.748,38729822781.5997,38253120737.9671,34894411351.983,34942489683.9712,36373307085.0887,39212550050.4223,39540080200.3938,40274204595.2296,41239551378.2482,49279585355.0948,55802538219.0264,81703500846.0364,92507279383.0387,97160109277.8087,106659508271.255,98443739941.1664,86186158684.7685,99886577330.7271,98203546156.3102,97933391976.08301,94684584162.77301,117074863821.85,146566264837.014,162590146096.414,207416494642.379,243982437870.84,233821670544.258,287018184637.529,335415156702.18604,369659700375.52,380191881860.372,378195716714.266,291519591532.951,282462548889.26,
44,Comoros,COM,GDP (current US$),NY.GDP.MKTP.CD,,,,,,,,,,,,,,,,,,,,,123505640.914474,114271897.268272,107089552.302395,111519676.021905,107489822.704044,114490697.57503,162487763.894624,196433684.042405,207476554.806734,198733185.87510702,250030760.75478598,246823428.906664,266191040.37332797,263568114.44546202,185761822.560488,231896229.562629,230495751.44659302,212099634.69775102,215394066.068976,222580453.753844,203846427.73873702,220093812.206791,246737679.472106,317562269.371106,368143118.68996,380372892.60677403,406111873.539847,462453582.87362695,523134896.968654,524157261.014644,530493353.21893704,586281766.7599701,570865941.229395,618663921.8611599,647720707.076427,565689764.63263,616654490.471188,
45,Cabo Verde,CPV,GDP (current US$),NY.GDP.MKTP.CD,,,,,,,,,,,,,,,,,,,,,142246875.53671598,139468114.59974098,140630758.594899,138476239.366792,132019065.033419,137728155.212661,190651207.999511,235253171.841062,264308140.28514904,267448513.108168,306891107.262039,319827058.592875,357160985.32741296,490417389.682569,406580652.330537,487148993.533109,501979069.274683,490608657.924976,521910560.52486795,592416703.0588781,539227277.6264111,563024383.296626,620974660.230303,813963830.179217,924318490.7598,971977088.1569141,1107891063.43863,1513934037.24782,1789333748.6799,1711817181.52969,1664310769.55229,1864824080.6925602,1751888561.72747,1850951315.4556398,1858121723.2499301,1574288667.69981,1617467435.7700698,
46,Costa Rica,CRI,GDP (current US$),NY.GDP.MKTP.CD,507513829.994855,490325181.614275,479180824.348506,511902136.80997306,542578367.242598,592981162.264151,647305630.188679,699456618.867925,773841494.3396231,853630203.773585,984830158.490566,1077152902.29104,1238251695.55388,1528916185.23199,1666544754.09836,1960863465.5776,2412555425.90432,3072427012.8354697,3523208809.8016295,4035519323.22054,4831447001.166861,2623807074.2948,2606621255.01581,3976453966.7398295,4593908718.761721,4796628461.38614,5477895474.91039,5841132961.60586,6063759370.629371,6866402028.10997,7403457319.2047205,7168999428.244709,8528593084.487491,9537297507.16915,10432619390.3609,11513472693.8707,11618286553.3677,12552071367.1539,13617405420.1174,14195623424.811,14949514585.1585,15913363335.0564,16504795453.2822,17195867540.353,18529767934.4743,19952156474.8454,22600431878.0024,26743874286.8514,30612932802.8991,30562361123.0307,37268635287.0856,42262697840.385,46473128285.5589,49745088111.6953,50656002895.8763,54840103850.265,57435507212.256,
47,Caribbean small states,CSS,GDP (current US$),NY.GDP.MKTP.CD,1922640775.3720398,2080830143.04221,2195684581.0726104,2331959438.21902,2519261152.97369,2712715412.8748198,2942141442.47693,3158211274.70685,3140469906.3566,3417668655.56627,3760199658.87297,4088013918.5314703,4732543297.55318,5169932102.82734,6720764011.57956,7864013356.295909,8070017845.292991,9382602731.01336,9571657513.65075,10966585159.6649,13453485464.7329,14842851376.6236,16495461075.5827,16712010846.6962,15923806275.1117,15742679785.308998,14358714160.1057,15429015788.2553,16357329644.5497,16756727132.51,17873417057.5917,17682124581.2842,17403218746.3421,18271706185.3177,19289595454.1442,21134882108.6249,23041766083.4574,25732062006.8942,28249810016.98,30022260633.4195,32252030400.7358,33172149746.0103,34944596086.0711,37495408032.2944,41173138191.6472,46649069646.0953,52393433350.715996,58257681979.3301,66480563576.592995,55930530970.8562,60772694299.858,65739442150.8813,67860562821.0635,68729777391.3784,68744227741.6518,66799701061.8327,63540193020.0893,
48,Cuba,CUB,GDP (current US$),NY.GDP.MKTP.CD,,,,,,,,,,,5693005200.0,6914658400.0,8135150891.92025,9987709650.18094,11405957317.0732,13027415243.9024,13789579902.5579,14206158674.6988,17844705324.6753,19584443287.6712,19912889861.1111,20150254096.3855,20953510235.2941,22204940512.2235,24039383608.4235,22920490774.102,24226574634.0293,25213935012.0819,27458999472.2955,27023468665.8977,28645436569.1489,24316556025.6585,22085858243.2432,22367254864.8649,28448326756.7568,30429803651.2192,25017300000.0,25366200000.0,25736331247.1786,28364615241.6894,30565400000.0,31682400000.0,33590500000.0,35901200000.0,38203000000.0,42643836074.8,52742800000.0,58603900000.0,60806300000.0,62080000000.0,64328000000.0,68990000000.0,73141000000.0,77148000000.0,80656100000.0,87132800000.0,,
49,Curacao,CUW,GDP (current US$),NY.GDP.MKTP.CD,,,,,,,,,,,,,,,,,,,,,,,,,,,,,,,,,,,,,,,,,,,,,,,,,,,,,,,,,,
50,Cayman Islands,CYM,GDP (current US$),NY.GDP.MKTP.CD,,,,,,,,,,,,,,,,,,,,,,,,,,,,,,,,,,,,,1012444074.07495,,,,,,,,,,3207032512.94205,,,,,,,,,,,
51,Cyprus,CYP,GDP (current US$),NY.GDP.MKTP.CD,,,,,,,,,,,,,,,,489914760.682807,576090073.715036,734887973.975806,964026512.197839,1288715209.58084,2154311276.94859,2087496373.77964,2159242416.76942,2160364071.1902103,2278248953.14058,2430411900.19194,3090734463.2768397,3704813885.50548,4278792597.23965,4563482603.5503,5591130217.66965,5770197348.48485,6912150456.323339,6590291048.29211,7425703928.571429,9826778783.9586,9899623588.456709,9594298745.72406,10353506787.3303,10614455231.931,10183317624.8822,10567304189.4353,11618269230.7692,14576896942.2424,17422375000.0,18703146374.829,20403713461.2972,24077470572.1325,27839460963.8201,25942622950.8197,25562251655.6291,27427161523.4918,25012206090.1966,24054965480.616,23308212816.7706,19559942331.1523,19801664168.2788,
52,Czech Republic,CZE,GDP (current US$),NY.GDP.MKTP.CD,,,,,,,,,,,,,,,,,,,,,,,,,,,,,,,40315847383.7197,29557058174.1697,34451993226.0347,40452245779.1651,47364869195.7617,59537113790.5049,66775046785.4354,61621364981.4187,66372594575.1707,64719461254.5271,61474265134.5364,67375623427.4642,81696651658.8981,99300329682.0164,118976023159.71301,135990215966.67401,155213006071.979,188818155388.125,235204812643.14603,205729790694.015,207016402026.36398,227948349666.35397,207376427020.815,209402444996.10397,207818330723.835,185156359571.11603,192924593987.295,
53,Germany,DEU,GDP (current US$),NY.GDP.MKTP.CD,,,,,,,,,,,215021806498.156,249039217364.635,298667219346.133,396866742553.97,443618642959.716,488780155338.262,517787921003.573,598226205424.071,737668356280.428,878010536975.7759,946695355820.96,797443405711.813,773638200773.7571,767768378016.0859,722367608343.0691,729763282952.432,1042300769791.95,1293264353318.82,1395931548502.06,1393674332154.37,1764967948916.6,1861873895109.02,2123130870381.97,2068555542410.98,2205966011811.5,2591620035485.19,2503665193657.4,2218689375140.99,2243225519617.65,2199957383336.88,1949953934033.54,1950648769574.94,2079136081309.99,2505733634311.51,2819245095604.67,2861410272354.18,3002446368084.31,3439953462907.2,3752365607148.09,3418005001389.27,3417094562648.95,3757698281117.55,3543983909148.01,3752513503278.41,3879276587198.91,3363599907529.78,3466756880460.62,
54,Djibouti,DJI,GDP (current US$),NY.GDP.MKTP.CD,,,,,,,,,,,,,,,,,,,,,,,,,,340989527.96799505,,373371738.286415,395794538.630775,409220087.102818,452328087.28287596,462421998.525779,478058304.87111795,466048469.22985995,491689220.744875,497723960.589913,494004647.73437,502675542.00122696,514267869.300758,536080148.09729904,551230861.856505,572417440.820162,591122039.601398,622044665.515049,666072101.7775049,708633194.726566,768873684.032838,847918929.107984,999105339.2677289,1049110684.72493,1128611700.3618,1239144501.77525,1353632941.5207,1455000000.0,1588000000.0,1727000000.0,,
55,Dominica,DMA,GDP (current US$),NY.GDP.MKTP.CD,,,,,,,,,,,,,,,,,,36370370.370370395,45170370.370370395,44296296.2962963,59100000.0,66218518.51851851,72051851.85185179,79925925.92592591,89848148.14814809,98585185.18518521,112074074.074074,126348148.148148,143766666.66666698,153374074.074074,166322222.222222,180437037.03703701,191759259.25925902,200418518.51851898,215459259.25925902,224037037.03703701,236444444.444444,245781481.48148102,258440740.740741,267740740.740741,335845814.814815,343119370.37037003,337695740.740741,350091222.22222203,374771481.481481,370370370.37037003,390370370.37037003,421375851.851852,458190185.18518496,489074333.333333,493824407.40740705,500988407.40740705,485905592.59259295,508447148.14814806,528178703.703704,517218962.962963,525424630.0,
56,Denmark,DNK,GDP (current US$),NY.GDP.MKTP.CD,6248946880.2777,6933842098.84548,7812968114.400121,8316692385.773859,9506678762.77765,10678897387.0006,11721248101.0874,12788479692.1939,13196541952.0,15009384584.5333,17075466666.6667,19085681968.1403,23232411897.6012,30730638895.7765,34160363582.6675,40474400473.3563,44575847808.1059,49784281716.4179,60362854966.8154,70366280174.8717,71127592753.5975,61877755004.6326,60412846238.7787,60644833242.2089,59105208272.9853,62658544411.3095,88078729452.4781,109414353171.645,115552848547.872,112409236409.401,138247261092.977,139224732275.463,152915624326.966,143195607581.857,156162311731.59802,185006961302.29898,187632400365.599,173537588008.176,176992000955.11,177965224620.85397,164158800460.219,164791416350.267,178635160297.415,218095997085.477,251373036671.06198,264467308109.19,282884912894.33,319423370134.284,353361056079.716,321241396034.248,321995350346.50104,344003209695.606,327148899962.146,343584385594.132,352296969840.949,301307828843.61304,306142937248.09,
57,Dominican Republic,DOM,GDP (current US$),NY.GDP.MKTP.CD,672399700.0,654100200.0,824100000.0,940799900.0,1025599900.0,888100000.0,983900000.0,1034800000.0,1079100000.0,1230500000.0,1485400100.0,1666400000.0,1987300000.0,2344699900.0,2925600000.0,3599300100.0,3951399900.0,4587100200.0,4774400000.0,5498800100.0,6631000100.0,7266999800.0,7964000300.0,8622000100.0,10330399700.0,5044592912.6775,6122197810.1435795,5826987203.495629,5374315190.18405,6686592728.70663,7073674721.12418,9724402004.34906,11277676879.9612,12976408000.0,14511134920.6349,16358496124.031,18131813000.6281,19593869595.0191,21171523985.0642,21709726722.118,23996063503.0497,24892521236.9553,26571620978.7885,21277165885.6865,22039232609.9553,34004033803.9438,35952845582.5029,44169678153.1566,48288967303.4896,48376555305.6902,53954579003.5277,57746684847.0898,60613645121.3529,61965942056.6828,65231032303.2418,68102618092.1031,71583553488.0804,
58,Algeria,DZA,GDP (current US$),NY.GDP.MKTP.CD,2723648551.75208,2434776645.73628,2001468867.73344,2703014867.32834,2909351792.58659,3136258896.9233,3039834558.74906,3370843065.76735,3852115816.9775796,4257218772.15369,4863487492.65763,5077222366.97472,6761786386.54713,8715105930.491009,13209713643.3219,15557934268.4965,17728347374.994,20971901273.271,26364491313.4471,33243422157.6311,42345277342.0195,44348672667.8715,45207088715.6483,48801369800.3675,53698278905.9678,57937868670.1937,63696301892.8116,66742267773.1959,59089067187.3943,55631489801.5508,62045099642.7774,45715367087.1001,48003298223.1178,49946455210.965996,42542571305.5136,41764052457.8814,46941496779.8499,48177862501.9495,48187747528.899,48640574566.6476,54790245600.5846,54744714396.1666,56760288973.6703,67863829880.4832,85324998813.604,103198228458.58801,117027304746.54,134977087734.00801,171000691877.714,137211039898.19301,161207268655.392,200013051408.11603,209047389309.482,209783503258.224,213983107815.932,164779467703.299,156079606663.18802,
59,East Asia & Pacific (excluding high income),EAP,GDP (current US$),NY.GDP.MKTP.CD,80250607897.4713,70446120293.9302,64553859602.9319,69902870221.9516,81045260486.8772,94581389222.3104,103540620174.62401,100327594149.627,101263633884.657,113708383150.44301,126754872473.16301,136312702994.83301,154641092152.956,194701040987.763,219659412580.45898,246944087318.74103,250649893231.029,289645540998.115,280407523101.03,324803362089.114,374772179720.21,399918512930.105,419717430302.974,440418446521.644,478102543729.01,523953069728.02795,522473954708.346,516026891406.57794,572339843240.957,618571702696.759,662968550783.783,719500276654.131,806275873618.2859,885162771200.593,1064785347623.54,1314212366696.86,1509512132190.59,1563548446701.34,1433046627815.34,1576362586188.13,1737555451927.59,1848686476416.41,2046092163273.83,2315810256864.63,2685504072554.6,3105749295673.26,3737290328576.48,4727201576905.36,5984186206834.35,6493074986751.24,7874829344710.68,9625670980492.27,10738149376011.5,11854684976018.3,12748056303254.9,13267358556273.4,13510885067040.8,
60,Early-demographic dividend,EAR,GDP (current US$),NY.GDP.MKTP.CD,152222021503.102,153174173789.089,158795369827.794,167975897835.713,192426156455.165,209993963772.447,207316686431.05103,217587076275.31302,235705718659.73602,263417168820.022,278414463364.509,300750846441.857,330264782812.664,422538233529.836,592504417822.074,636292930399.3729,694401920707.91,777069860599.9929,860276042756.7621,1045208440796.38,1289757085834.86,1441144663708.07,1371908131842.89,1385300584420.83,1365815981597.72,1397858695204.75,1418211765048.27,1429315977542.63,1535871536563.05,1568562659306.28,1806505172134.77,1912921517302.44,2098149661879.33,2302453002964.44,2408912031539.9,2468961701917.03,2694453298131.29,2878903970242.92,2839864195429.24,3010697292749.06,3265108230891.93,3224441922892.92,3131166808367.24,3500675725433.46,4066546525118.83,4742611342049.54,5428145324754.82,6446032068048.83,7272012608284.4,6990930969841.42,8490184886018.92,9567687630587.59,9956217405201.38,10199668619019.7,10409979185059.7,10123440406910.5,10274853795796.7,
61,East Asia & Pacific,EAS,GDP (current US$),NY.GDP.MKTP.CD,153406062445.133,153851906489.076,157422860957.59802,175666653928.707,201828758065.12,224795305298.80603,251316895422.91397,272311886780.48398,300037540836.51,345620520780.581,406892268832.73706,451555305929.632,560418537433.306,738629607846.8729,850486001086.155,931183199853.3721,1023624295308.86,1220099418673.47,1539413405469.08,1671803883927.95,1806920411252.29,1994776943312.9,1953473277429.83,2073066401462.35,2223992929693.57,2358172144946.55,3076109459284.79,3598365917263.22,4330848600314.32,4529251580451.42,4740125610961.59,5337495034346.36,5827466927803.02,6542241886332.85,7302165972072.69,8297217618291.42,7993854682092.77,7649008381580.38,6857782846050.01,7656256420658.0,8283672555565.94,7705159083109.5,7827298972846.92,8605351856004.54,9651082222195.49,10292825485348.7,10913330711044.6,12205786067031.7,14097329803496.3,14526049741278.9,16934259897815.9,19633645544446.8,21013112141456.7,21256469783768.7,21894085979174.9,21765291253881.4,22477425046152.1,
62,Europe & Central Asia (excluding high income),ECA,GDP (current US$),NY.GDP.MKTP.CD,,,,,,,,,,,,,,,,,,,,,,,,,,,,,,903702469910.52,960438672723.3671,926765119090.884,853278424758.7891,838260559328.055,727687093069.718,776931366529.1559,787851671889.667,820131784781.875,771871770861.159,650450056519.407,720049109208.4741,717065633312.417,820427017878.697,1037515255499.23,1367586660092.33,1726468996323.24,2114341890534.89,2727633767388.62,3372528990767.71,2655132038891.56,3156252483058.18,3871963192958.71,4070879223563.86,4302720557394.27,4078799138447.73,3120102822297.1,2979118476324.24,
63,Europe & Central Asia,ECS,GDP (current US$),NY.GDP.MKTP.CD,432763685324.509,460668876592.491,503638735647.90796,555368983066.662,615028489294.961,669257339022.057,727080705610.445,782273534888.3259,815868539007.5259,895741081122.038,1007609884842.09,1136379130354.99,1361730567491.87,1729501999343.51,1954079227218.94,2282879504237.62,2372796286718.28,2689034117521.4,3282122941201.44,4015364706047.03,4548343163223.59,4048271618267.43,3900963906539.6,3784300665660.48,3637246299961.42,3764269446867.67,5137673243594.37,6348859470242.99,7067497880251.27,7224451847727.19,8837798957217.57,9118254483722.14,9780068883431.27,8987910993879.63,9400417935058.64,10827903895370.2,11055076580949.0,10489769869606.2,10749669669893.6,10628573427395.1,10011304103592.3,10112904613806.8,11061551679319.4,13475936343306.8,15710079754567.4,16731221185836.3,18108863489937.0,21160525702403.2,23218568155419.7,20419024790312.5,20905471026131.4,23146206945497.4,22278308473166.2,23253753489878.5,23602629398500.7,20278407939904.2,20162858489508.1,
64,Ecuador,ECU,GDP (current US$),NY.GDP.MKTP.CD,1010325138.03016,979108806.848646,958598195.033967,1038389642.3141801,1156150890.06133,2387048255.4517303,2429309513.80854,2553596091.82258,2582180794.1855,3112166848.3004,2862504169.99893,2754220263.02528,3185987234.84089,3891755551.9413795,6599259420.99605,7731677256.80982,9091924304.83477,11026346589.5011,11922502170.6405,14175166007.5774,17881514682.8784,21810767209.3695,19929853574.6095,17152483214.3536,16912515183.2783,17149094589.9827,15314143988.0621,13945431882.2271,13051886552.3377,13890828707.6493,15239278100.3502,16988535267.6338,18094238119.0595,18938717358.6793,22708673336.6683,24432884442.2211,25226393196.5983,28162053026.5133,27981896948.4742,19645272636.3182,18327764882.4412,24468324000.0,28548945000.0,32432859000.0,36591661000.0,41507085000.0,46802044000.0,51007777000.0,61762635000.0,62519686000.0,69555367000.0,79276664000.0,87924544000.0,95129659000.0,102292260000.0,100176808000.0,97802211000.0,
65,"Egypt, Arab Rep.",EGY,GDP (current US$),NY.GDP.MKTP.CD,,,,,,5111621013.54303,5339520612.99374,5579168509.50907,6109112149.53271,6861743341.40436,7682491836.222059,8266003570.51773,8763960703.205791,9616725366.346642,9015166839.80885,11437965585.2696,13360476861.9662,14636028766.883001,14849909490.6004,18150000571.4286,22912500555.5556,23405404729.7297,25592365394.0887,28137369499.4179,30642873038.0563,34689560464.8728,35880262675.3976,40507934171.249,35044634014.7643,39648442534.0768,43130416913.4141,36970555898.9698,41855986519.4235,46578631452.58099,51897983392.6453,60159245060.4542,67629716981.1321,78436578171.0914,84828807556.0803,90710704806.8416,99838543960.0763,97632008709.85301,87850683978.6691,82924503942.6381,78845185293.4964,89685725230.2517,107484034870.974,130478960092.49901,162818181818.182,188982374700.805,218888324504.75302,236001858960.015,279372758361.832,288586231501.877,305529656458.438,332698041030.807,336296921758.782,
66,Euro area,EMU,GDP (current US$),NY.GDP.MKTP.CD,245389523535.21,270108736771.728,299749528685.37604,336271770003.717,374010191933.27,408119028178.09705,445040235612.18396,483441345246.615,518263505475.99603,572532268216.495,641460637395.9711,727045243334.751,878371965947.9109,1140215331077.93,1292913189870.35,1499292682301.1,1564518129278.76,1779460900157.27,2179044584488.07,2639765077757.45,2956735717812.24,2569819070205.93,2487970498872.87,2427189312535.1,2328259732922.51,2392054029846.51,3357238823395.49,4152743228203.74,4567318804504.65,4665607905988.65,5871693989817.07,6104530124284.34,6734901870233.99,6168663044953.83,6515506760178.52,7520106864481.86,7611726452029.66,6959484673611.01,7151028055866.01,7119223020204.08,6486948965622.98,6593233923750.33,7173603214645.71,8850599071571.01,10151814034876.7,10535328496601.9,11184406192078.3,12877397931377.4,14115366559756.8,12905452856781.1,12642935603562.1,13622723195115.4,12637588983379.4,13187495064380.7,13457720442907.5,11616144612366.3,11885664082849.1,
67,Eritrea,ERI,GDP (current US$),NY.GDP.MKTP.CD,,,,,,,,,,,,,,,,,,,,,,,,,,,,,,,,,477101651.648376,467872714.755603,531688311.688312,578015625.0,693535954.1900669,686490090.140141,745526154.93283,688921325.7120429,706370815.584416,752368495.512622,729321366.6518611,870247703.182758,1109054005.43971,1098425900.74116,1211161879.6748,1317974491.05691,1380188800.0,1856695551.21951,2117039512.1951199,2607739837.39837,,,,,,
68,Spain,ESP,GDP (current US$),NY.GDP.MKTP.CD,12072126075.397,13834300571.4849,16138545209.246,19074913947.7196,21343844643.7341,24756958694.9238,28721062242.1634,31647119228.1982,31475548481.4095,36038711599.541,40881655098.6451,46492797365.2695,58971806626.9739,78425934894.3461,97009800115.3735,114465300289.855,118185307386.22198,132089531434.83,160163483072.917,214019077342.588,232134606637.27103,202257045774.013,195464408602.151,170486866357.309,171635463361.62302,180302412230.92,250638463466.793,317882187036.787,375138723325.239,413630538018.271,535101248775.71,575598537069.656,629202392003.901,523649481762.322,529121577319.58795,612939685081.398,640998292394.588,588692045454.545,617041986858.225,633194118900.49,595402616546.895,625975838926.175,705145868624.13,906853273137.698,1069555500372.49,1157276458151.97,1264551499184.54,1479341637010.68,1634989014208.29,1499074742984.16,1431587612302.26,1488017213511.01,1335945712662.3,1361775869855.87,1375856057716.82,1192955480686.43,1232088185030.31,
69,Estonia,EST,GDP (current US$),NY.GDP.MKTP.CD,,,,,,,,,,,,,,,,,,,,,,,,,,,,,,,,,,,,4373665145.55468,4746109767.1999,5066240419.29666,5617109244.63233,5726897998.29642,5685774808.80862,6245069734.13302,7322069511.161341,9833870709.12376,12059201242.236,14006088297.4754,16963625015.6818,22237061730.0849,24194039255.8957,19652492636.8436,19490936349.1753,23170239900.7654,23043864510.0543,25081185830.6876,26213940386.7883,22460470490.0133,23136741984.155,
70,Ethiopia,ETH,GDP (current US$),NY.GDP.MKTP.CD,,,,,,,,,,,,,,,,,,,,,,7324903188.4058,7707678019.32367,8567890821.256041,8096302367.149759,9480840483.091791,9848600869.56522,10527338647.343,10908935748.7923,11476584879.2271,12175166763.285,13463868357.4879,10492993077.6093,8830712713.90781,6927950564.55657,7663984567.90123,8547939730.62374,8589211390.49612,7818224905.55071,7700833482.00615,8242392103.68061,8231326016.47494,7850809498.16803,8623691300.04079,10131187261.4421,12401139453.9738,15280861834.6024,19707616772.7996,27066912635.2228,32437389116.038,29933790334.3418,31952763089.33,43310721414.0829,47648211133.2183,55612228233.5179,64464423674.6569,72374252815.3782,
71,European Union,EUU,GDP (current US$),NY.GDP.MKTP.CD,358939666615.47,390789544218.134,426908194104.211,470297095519.743,521197684985.034,567590518505.6079,615283909698.1079,661166979382.423,687213740362.304,754796434973.4191,855234352054.2671,967419657510.2429,1158320102742.09,1470725772176.78,1652902769120.73,1926973312297.35,1995730917312.52,2260041856810.23,2769687171486.68,3382589603382.52,3860946303423.78,3416278760871.41,3287910701007.99,3186966976981.42,3059979571007.95,3162521224924.48,4336668252551.86,5365914989685.94,5985449350585.64,6111509859371.48,7578533627539.12,7865147971074.68,8570482000033.34,7814819013689.57,8298433649328.58,9610497311406.19,9824668960664.23,9273364401458.35,9589846268503.63,9576780993379.78,8899281080301.74,9000712583377.4,9811088515429.67,11945762088043.2,13795554923350.0,14426590936518.2,15388732742870.8,17781304404686.5,19117797795887.7,17080879375428.0,16977855795546.3,18340538607136.1,17271715977529.1,18002706275463.5,18588239232261.0,16334844026788.0,16397979816576.1,
72,Fragile and conflict affected situations,FCS,GDP (current US$),NY.GDP.MKTP.CD,,,,,,,,,,,,,,,,,,,,,,,,,,,,,,,,,,,,,,,,,216797757227.304,199375997395.192,194198480880.055,220665363981.49103,254601782855.91,309086614685.861,362365593700.42,445792651984.511,575692753225.224,536110479745.735,637800543108.157,694812711849.712,749211936901.163,800959408995.374,842651829649.672,763932625640.621,743797944700.8721,
73,Finland,FIN,GDP (current US$),NY.GDP.MKTP.CD,5224102195.52771,5921659485.03284,6340580854.39073,6885920328.66187,7766655085.78588,8589340019.02985,9208524504.87684,9368954010.3132,8823033880.32993,10070766720.5011,11365953567.3839,12536710287.0134,14754136507.0261,19486826979.9284,24867278714.3532,29494515597.22,31873171718.726,33524682307.8058,36283091407.9422,44498283620.8213,53685049410.2646,52485533204.7396,52832120389.7866,51014090520.9223,52926394934.7052,55914236377.5902,73586676049.7302,91642093872.5822,109103056147.83199,119064708327.56,141517648888.198,127866490222.026,112625431377.754,89255751014.885,103321570859.419,134199346405.229,132099404607.81801,126833123353.56801,133936359590.565,135225868314.511,125539893126.95801,129250111856.82301,139552983248.635,171071106094.808,196768065557.487,204436015420.96802,216552502822.732,255384615384.615,283742493042.332,251499027507.64102,247799815768.477,273674236772.815,256706466091.089,269980111642.898,272609288689.575,232361689855.142,236785046710.87802,
74,Fiji,FJI,GDP (current US$),NY.GDP.MKTP.CD,112328422.113084,116987784.913739,122906434.957814,129454728.623599,140032741.468329,147084750.031482,150603925.51585302,162625885.863484,166952937.135005,182182067.70356798,219878482.173564,247749327.72126698,316650508.967523,425963359.355326,558589870.903674,684268280.8127509,694552411.718837,719533137.126662,829239489.8441191,1019743927.2466199,1202567359.4132,1235899836.18067,1194015444.01544,1123107276.30285,1177997413.63384,1141210124.82663,1290228616.82408,1177908191.97685,1109976927.9172199,1182686577.22645,1337024782.22702,1383843860.1247,1531803060.5455801,1635426125.3080802,1825285158.11762,1970347720.96992,2129266728.42585,2093994597.2154899,1656784779.545,1942170999.18765,1684109743.49338,1660102345.60309,1842691481.0919602,2315935752.71653,2727507212.92556,3006725014.78415,3102741451.0166397,3405050611.68726,3523185919.55826,2870624635.68032,3140508835.9485,3774530615.65916,3972012570.5346704,4190143206.25611,4469810099.08335,4391064780.77249,4631626233.969979,
75,France,FRA,GDP (current US$),NY.GDP.MKTP.CD,62651474946.6007,68346741504.4257,76313782251.6964,85551113767.3727,94906593388.3107,102160571409.274,110597467198.645,119466139619.589,129847107787.88301,140725497222.27698,148948860281.091,166564460755.298,204283485045.51398,265381555686.506,286526186579.378,362000917852.226,373410270417.919,411464295266.114,508183139534.884,615834104224.484,703525302701.025,617589619794.81,586837009681.605,561852138738.2739,532648802822.187,555197109067.0171,774556302680.178,938368438284.405,1023504019381.13,1030122352457.33,1275300566196.84,1275563306592.26,1408724907063.2,1330094973361.13,1401636342155.01,1609892232882.11,1614245416078.98,1460709148123.17,1510758283299.98,1500275942893.67,1368438363736.87,1382218344519.02,1500337850555.24,1848124153498.87,2124112242364.04,2203678646934.46,2325011918203.49,2663112510265.54,2923465651091.26,2693827452070.02,2646837111794.78,2862680142625.14,2681416108537.39,2808511203185.39,2849305322684.76,2433562015516.21,2465453975282.24,
76,Faroe Islands,FRO,GDP (current US$),NY.GDP.MKTP.CD,,,,,,,,,,,,,,,,,,,,,,,,,,,,,,,,,,,,,,,1105688872.97039,1125684470.05533,1062339943.83343,1154899793.3387802,1268445919.41429,1486861878.95624,1683997930.2632198,1730891409.07567,1970142377.9150698,2278229533.05096,2413237402.1480303,2257097731.55019,2301178416.00619,2468748767.9772,2356505419.09755,2613458942.48139,,,,
77,"Micronesia, Fed. Sts.",FSM,GDP (current US$),NY.GDP.MKTP.CD,,,,,,,,,,,,,,,,,,,,,,,,106500000.0,,,112210000.0,116700000.0,124700000.0,135200000.0,147200000.0,166200000.0,178100000.0,198400000.0,202500000.0,222103600.0,218845700.0,206900300.0,219646200.0,220660500.0,233226300.0,240051900.0,241543400.0,244991000.0,239563300.0,249845600.0,252991200.0,255890800.0,261339600.0,277510900.0,294117200.0,310287500.0,325835200.0,315725600.0,318072000.0,314971100.0,322000000.0,
78,Gabon,GAB,GDP (current US$),NY.GDP.MKTP.CD,141468977.570007,167637907.381723,182796536.499884,154480244.246844,215679855.27251598,226474285.58710897,245849781.7159,271543680.279285,294468564.534369,318124701.048949,323802475.480977,381687073.058558,430508357.723916,722780701.123251,1544216003.9841,2157592936.60712,3009409970.90514,2809349074.17738,2389479269.1887803,3030251116.3599896,4279637933.85126,3862269126.92642,3618007844.4491897,3391275731.31834,3561451562.2356896,3339914759.3726897,3403638193.57912,3281797038.6659102,3834503378.35525,4186411457.4569,5952293765.84484,5402919956.938311,5592390848.52648,4378645081.01769,4190819314.0295796,4958845906.34769,5694040336.82571,5326816858.99586,4483417119.83928,4662992036.2073,5067865320.7979,5018874179.187039,5310381151.35952,6497305662.09274,7756293574.98077,9458884812.181059,10154041929.6521,12438956756.4455,15508574820.3516,12065138272.7538,14358584300.3006,18186478119.9582,17171447372.3334,17590716232.4913,18179717776.1597,14262032470.9041,14213558130.1817,
79,United Kingdom,GBR,GDP (current US$),NY.GDP.MKTP.CD,72328047042.1588,76694360635.9159,80601939635.2483,85443766670.4279,93387598813.9269,100595782309.165,107090721447.05699,111185383409.521,104702736248.084,112676874821.987,130671946244.3,148113896325.14,169965034965.035,192537971582.558,206131369798.971,241756637168.142,232614555256.065,263066457352.172,335883029721.956,438994070309.19104,564947710899.3729,540765675241.15796,515048916841.37,489618008185.539,461487097632.349,489285164271.04706,601452653180.885,745162608269.325,910122732123.7991,926884816753.927,1093169389204.55,1142797178130.51,1179659529659.53,1061388722255.55,1140489745944.29,1320255641470.73,1392979719188.77,1537090700720.37,1623564094070.88,1652167933991.26,1635441065214.1,1613034403339.57,1757571942446.04,2028488163265.31,2389004027828.63,2508103636363.64,2678277828886.84,3063005202080.83,2875463235294.12,2367127278392.27,2429680444512.61,2608824654243.59,2646002634059.62,2719509472492.7,2998833559195.71,2861090726739.55,2618885692029.18,
80,Georgia,GEO,GDP (current US$),NY.GDP.MKTP.CD,,,,,,,,,,,,,,,,,,,,,,,,,,,,,,,7753501867.76095,6357615894.03974,3690328963.64086,2701181331.3081603,2513870586.73344,2693731865.9703603,3094915505.9093,3510540809.24855,3613500117.2492795,2800024313.95144,3057453482.55826,3219487824.8791103,3395778673.79183,3991374548.5051203,5125273880.74998,6410941012.591889,7745406200.853741,10172869679.7366,12795044472.7663,10766809099.0721,11638536834.4274,14434619982.2117,15846474595.773,16140047012.1438,16509305827.7171,13993546732.4726,14332880086.196001,
81,Ghana,GHA,GDP (current US$),NY.GDP.MKTP.CD,1217230094.97205,1302674324.88378,1382515654.4734302,1540797588.57221,1731296199.52296,2053462968.0426,2126300672.22965,1747187644.9031,1666909517.65205,1962050555.7775,2215028588.45646,2417108577.52739,2112293279.98507,2465493032.25878,2894409912.1709,2810106390.10618,2765254360.20623,3189428571.42857,3662478172.79996,4020227931.1509705,4445228057.45354,4222441673.17049,4035994383.3836703,4057275077.68156,4412279865.40315,4504342152.98679,5727602648.75537,5074829931.97279,5197840972.6857,5251764269.91812,5889174833.90034,6596546195.65217,6413901601.83066,5966255778.12018,5444560669.45607,6465137614.6789,6934984709.480121,6891308593.75,7480968858.131491,7719354838.70968,4983024408.14828,5314909953.92992,6166330136.2948,7632406552.83803,8881368538.07671,10731634116.7384,20409257610.4746,24758819717.7074,28526891010.4925,25977847813.7422,32174772955.9748,39566292432.8615,41939728978.7281,47805069494.9082,38616536131.647995,37543361203.5609,42689783733.873,
82,Gibraltar,GIB,GDP (current US$),NY.GDP.MKTP.CD,,,,,,,,,,,,,,,,,,,,,,,,,,,,,,,,,,,,,,,,,,,,,,,,,,,,,,,,,,
83,Guinea,GIN,GDP (current US$),NY.GDP.MKTP.CD,,,,,,,,,,,,,,,,,,,,,,,,,,,1922600899.3841,2041538057.0289302,2384295763.7254896,2432029380.4369397,2666616176.91609,3014890569.04099,3284625277.16186,3279063317.63475,3383218922.79336,3693753379.0599203,3869032270.91633,3783788551.0819,3588376057.0153604,3461282293.6462398,2995360969.1619897,2833442750.43639,2949637039.04424,3446442218.8982897,3666349049.42641,2937071767.25576,2931625104.50109,4134173275.1244,4515824647.43939,4609923756.18485,4735956493.06479,5067360009.39196,5667229758.9878,6231725484.55943,6624068015.50039,6699203543.29047,6298927773.1587,
84,"Gambia, The",GMB,GDP (current US$),NY.GDP.MKTP.CD,,,,,,,44212353.6988296,46695363.1558873,41160658.570537105,45168722.699563205,52296836.749388,55728608.974983,59161544.9957528,75187969.924812,95797533.46192059,115182522.12389399,112189468.481826,138094243.349324,171836793.402695,207114382.546071,241080708.89018,218764445.784343,216051495.959817,213446562.57106,177338801.93075,225724851.69110698,185646209.386282,220626484.224811,266673126.22980097,284119692.49433,317083373.52455896,690314321.374999,714255460.503389,755042548.055824,746491692.583857,785996982.492168,848237108.56163,803630742.53446,840285264.6315451,814723460.08372,782915402.421095,687408804.6305269,578236035.104279,487038821.611959,578785278.7703,624174723.713404,655068695.952711,798870894.208271,965769128.1700039,900639747.9395301,952429030.4155359,904256643.415984,912569686.7859,903779326.2064211,849122624.781348,938794719.3585881,964599177.5354741,
85,Guinea-Bissau,GNB,GDP (current US$),NY.GDP.MKTP.CD,,,,,,,,,,,78733594.8444943,78540057.14285721,87702828.57142858,89374237.2881356,98775328.94736841,108985740.159382,112386489.01355802,114971207.198201,122666858.789625,118537875.125881,110653830.726033,154731969.69697,165523634.49692,163577538.330494,138478900.626886,143856253.125,130225018.751674,173836362.010107,164458120.314078,213143016.443434,243961995.509711,257150573.21574703,226313492.713567,236880813.82176498,235619994.75907403,253966919.939838,270419779.418107,268551010.941186,206457553.397101,224446652.14622003,370173851.946119,392278168.19989705,415843481.998691,476388260.63923204,531109356.165462,586791883.717707,591829908.4262639,695606288.605845,864136712.9866481,825828703.628208,846332456.382994,1105497854.7939801,995582062.3430179,1026664188.52724,1109007299.94033,1056776896.92865,1126122707.91534,
86,Equatorial Guinea,GNQ,GDP (current US$),NY.GDP.MKTP.CD,,,9122751.45318345,10840095.1283649,12712471.3960211,64748333.3333333,69110000.0,72317446.9327193,67514285.7142857,67225714.2857143,66331428.571428604,64946954.756798,65429198.238708,81203226.9138345,94159862.70736909,104295643.388437,103653049.93797,103987520.075827,,,50642880.7737503,36731422.8456914,44294647.733479,44442456.94764,50320914.406568795,62118564.849542506,76407396.75529641,93345847.7270323,100534663.294927,88265974.5843603,112119406.548331,110906032.075075,134707184.355541,136047896.155778,100807001.813926,141853368.256815,232463036.43575898,442337849.474377,370687618.717326,621117885.668503,1045998496.4387199,1461139022.02954,1806742742.2731102,2484745935.09329,4410764338.66733,8217369092.652241,10086528698.8604,13071718758.7373,19749893536.3204,15027795173.2187,16298542027.9965,21329395900.871002,22389627294.4179,21942597765.3631,21461989483.1265,12162117377.3923,10178967206.0184,
87,Greece,GRC,GDP (current US$),NY.GDP.MKTP.CD,4446528164.67559,5016048786.22753,5327573509.09843,5949478034.88751,6680298250.57961,7600579093.1158,8455611129.27936,9136711287.82434,9915140546.35072,11266091570.5718,13139862500.0,14591755681.8182,16885506818.1818,22347844649.0219,25351305681.8182,28525872476.0893,31152840485.0746,36176233117.4838,44270203153.9889,54481875804.9678,56829663469.2246,52346507380.0738,54617991326.5306,49428872678.0186,48020024788.3918,47820850974.5867,56379593719.5716,65652751132.3603,76261278404.9964,79169043642.4675,97891090928.6328,105143232379.884,116224673042.54599,108809058858.502,116601802106.74199,136878366230.328,145861612825.595,143157600024.959,144428172835.236,142540728958.023,130133845771.144,136191353467.562,153830947016.751,201924270316.02698,240521260988.32898,247783001865.44,273317737046.795,318497936901.177,354460802548.704,330000252153.37604,299361576558.217,287797822093.178,245670666639.047,239862011450.103,236079774688.445,194860187692.45102,194558651275.83603,
88,Grenada,GRD,GDP (current US$),NY.GDP.MKTP.CD,,,,,,,,,,,,,,,,,,71494495.18518521,88322386.2962963,102244362.222222,110900457.03703701,115651918.88888898,125435590.0,131803552.222222,145533310.74074098,167728455.18518502,187589522.59259298,215009569.62963,236357523.703704,267327642.22222203,278098762.962963,300757900.0,310160455.92592597,309812192.962963,325111808.148148,342172523.703704,366911440.37037003,392190585.92592597,445903598.88888896,482009371.48148096,520044370.37037003,520444185.18518496,540336925.925926,591018407.407407,599118592.592593,695370296.296296,698518518.518518,758518518.518518,825925925.925926,771278111.111111,771015888.888889,778648666.666667,799882148.1481481,842571333.333333,911481481.4814811,984074074.074074,1016208194.8148099,
89,Greenland,GRL,GDP (current US$),NY.GDP.MKTP.CD,,,,,,,,,,,69520026.6666667,88570952.8688525,106101175.65798001,140153748.243656,169918948.629182,211194305.702999,240780413.56493,282269373.001066,355989047.256374,420642463.409998,476055288.418886,435746974.75924397,402405069.367769,416183706.943685,379371608.442925,412876071.118493,603015696.452849,787392365.831908,898611007.947709,929796722.3878961,1018970364.8644301,1016493394.8253,1037921836.9477,927219728.8668859,1005879948.43254,1208946165.92889,1197509786.6763198,1072147778.03013,1149862702.96084,1131561595.13775,1068030829.7559099,1086172922.57413,1169138789.31435,1407866174.84099,1621822369.84861,1656172355.71712,1818759669.0657198,2049139372.11823,2310743218.0616302,2324870823.92882,2306502373.71313,2515245776.44495,2408666378.93828,2483396542.2075,2551126948.77506,2220380802.33059,,
90,Guatemala,GTM,GDP (current US$),NY.GDP.MKTP.CD,1043599900.0,1076699900.0,1143600000.0,1262800000.0,1299099900.0,1331399900.0,1390700000.0,1453500000.0,1610500000.0,1715399900.0,1904000000.0,1984800000.0,2101300000.0,2569200100.0,3161499900.0,3645900000.0,4365300200.0,5480500200.0,6070600200.0,6902600200.0,7878700000.0,8607500300.0,8716999700.0,9050000400.0,9470000100.0,9721652086.95652,7231963515.9817295,7084399840.0,7841602824.42748,8410724360.79546,7650125217.35253,9406097735.091171,10440842165.3193,11399942453.0646,12983235568.2292,14655487455.7333,15674852771.1356,17790095900.9809,19395461989.5391,18318512501.0256,19288926545.3759,18702802394.8286,20776669466.6053,21917706490.5299,23965275995.7214,27211377225.2715,30231249362.0604,34113107085.6085,39136893345.1501,37733994976.4137,41338595380.8159,47654841112.8523,50388454861.1111,53851058955.2999,58722323918.1604,63767597193.9175,68763255963.8943,
91,Guam,GUM,GDP (current US$),NY.GDP.MKTP.CD,,,,,,,,,,,,,,,,,,,,,,,,,,,,,,,,,,,,,,,,,,,3385000000.0,3560000000.0,3857000000.0,4197000000.0,4213000000.0,4375000000.0,4621000000.0,4781000000.0,4895000000.0,4928000000.0,5199000000.0,5364000000.0,5566000000.0,5734000000.0,,
92,Guyana,GUY,GDP (current US$),NY.GDP.MKTP.CD,170215248.206265,185848451.26290601,194948375.43020502,175756868.692761,194773376.888526,213235294.117647,228705882.352941,250176470.58823502,229750000.0,249300000.0,267800000.0,282050000.0,285380952.380952,307047619.047619,433954545.454545,494791666.666667,454440000.0,449880000.0,507080000.0,530440000.0,603200000.0,570357107.1428571,482000000.0,489333333.333333,437631605.263158,453488372.09302306,504651139.534884,354591846.938775,413799990.0,379779389.70588195,396582263.291139,336708419.499106,368281378.896883,442273433.17972404,540874934.201012,621626785.915493,705406001.424501,749138009.564539,717530683.169567,694754988.258295,712667896.727512,696281471.678532,722460886.371384,741929342.788749,785918769.5876349,824880550.343965,1458446872.26976,1740334781.83731,1922598121.2306602,2025565089.48272,2259288396.24467,2576602497.3347898,2851154075.95385,2990006533.7774897,3077086275.94585,3179104116.22276,3446266343.82567,
93,High income,HIC,GDP (current US$),NY.GDP.MKTP.CD,1060243887180.35,1121981273424.21,1211776614158.0,1304603042385.88,1424584020828.49,1546689941297.31,1696346041858.73,1819327357551.51,1971265017022.55,2163798861425.75,2379635395851.21,2640680120093.64,3063716010573.15,3706329864528.09,4181857989900.26,4663456510509.84,5079507752434.71,5751828019917.26,6888147385531.49,7965334539314.29,8898498285433.77,9036558177487.14,8949612375769.31,9239819279619.44,9637983479368.92,10132406784548.1,12297564072656.4,14242430872983.3,16042589882396.8,16805389434663.9,18896462178092.6,19983111824933.1,21499618272583.4,21696143760704.6,23254026236887.2,25821731647652.3,26052438147578.9,25624851684739.7,25710064575729.0,27011881987831.8,27571498060168.1,27308138861964.1,28461009424519.1,31909785465153.3,35519514910527.8,37558565439919.4,39635947402722.2,43320749767437.6,46007526825897.2,43117491016534.3,45187761296453.4,48762979397332.5,48790077030626.2,49316266619782.3,50308250498244.5,47409525366588.2,48407640170702.2,
94,"Hong Kong SAR, China",HKG,GDP (current US$),NY.GDP.MKTP.CD,1320796651.6945698,1383681651.13776,1612346412.26475,1935298266.4538398,2206466461.26434,2435078534.03141,2489845016.6489396,2692474989.12571,2716964388.42418,3189740055.13982,3800766535.6208797,4476001946.01486,5710107420.14394,8030117555.62033,9388663645.7588,10048022369.9141,12876366008.8077,15719433719.4337,18315007365.9713,22526035940.5921,28861759209.0191,31055409443.043,32291306281.8168,29907091339.5364,33511383985.6741,35699543050.7778,41075570591.9291,50622571586.1149,59707404560.5944,68790369107.2962,76928290841.8701,88959620135.8864,104272278634.731,120353947980.764,135812069768.646,144652912433.103,159717233621.659,177352785419.977,168886163221.567,165768095391.557,171668164082.555,169403241524.337,166349228737.386,161384522525.299,169099768875.193,181570082162.19,193536265094.36398,211597405593.868,219279678430.16397,214046415026.18698,228637697575.04,248513617677.287,262629441493.476,275696879834.966,291459356985.337,309403880389.07104,320912235498.728,
95,Honduras,HND,GDP (current US$),NY.GDP.MKTP.CD,335650000.0,356200000.0,387750000.0,410200000.0,457000000.0,508650000.0,549950000.0,598100000.0,646800000.0,668000050.0,723000000.0,731000000.0,802999950.0,912499950.0,1034500000.0,1124000000.0,1347999950.0,1669499950.0,1929499950.0,2251499950.0,2566000050.0,2819500000.0,2903500050.0,3076999950.0,3319000000.0,3639499950.0,3808500050.0,4152499950.0,3970386266.0944204,3563448310.3448296,3048881322.9572,3068444711.94538,3419487440.65916,3481990761.3449802,3432356578.82219,3911053180.39625,4034037162.16216,4663193916.349811,5202215657.31167,5372543554.00697,7103529494.374121,7565869927.73763,7775078402.92785,8140271080.5604,8772194250.27021,9672035709.39793,10841742347.7968,12275501784.2971,13789715132.501999,14587496229.1811,15839344591.9842,17710275997.4437,18528554861.015,18499729063.3889,19756533658.1136,20844308600.8656,21516915352.6217,
96,Heavily indebted poor countries (HIPC),HPC,GDP (current US$),NY.GDP.MKTP.CD,17566642115.4169,18033526303.1068,19660722938.5934,23797854828.0912,21181173056.3962,24791433536.9808,27037002542.0684,26469517421.1298,27687706183.168,30902141055.3267,32389167090.0469,34920433870.4235,37813701276.9785,45584823246.267,56142116082.6775,63535307034.3365,67559791246.9431,79909125894.0715,90789385371.85,101664820366.851,106677929490.771,106633807023.73,106403185666.529,100261185483.72,100078815923.67401,104994491996.922,120358284739.616,132550820434.30801,132065171231.10199,127152957339.515,129590021510.74901,133299444700.789,121796046071.449,123961926712.47699,110357996127.295,126157292697.297,132123113216.44801,138643799979.895,142823908564.672,143030868524.954,155061199539.28198,147407334553.846,160216529979.78198,182328184670.12802,209456626079.117,242142895089.303,289296463304.802,344296287547.737,414897655686.46,421736724661.502,463157748195.383,518080704387.585,558428816750.537,604887195078.331,643085647289.931,635445735588.403,641483025657.911,
97,Croatia,HRV,GDP (current US$),NY.GDP.MKTP.CD,,,,,,,,,,,,,,,,,,,,,,,,,,,,,,,,,,,,22387561845.2244,23678012697.3612,23822087053.2091,25432144406.2043,23386945596.6928,21774273832.1031,23289671102.3197,26878499206.0165,34658113497.39,41574530815.5047,45416076680.8707,50453577898.4886,60093155532.7678,70481451814.3118,62703095750.5257,59665427464.5326,62236751773.0497,56485301967.4205,57769872074.882996,57080369367.8021,48676334689.3545,50425333970.0264,
98,Haiti,HTI,GDP (current US$),NY.GDP.MKTP.CD,,,,,,,,,,,,,,,,,,,,,,,,,,,,,,,,3473562850.25798,2257129873.66261,1878253818.07845,2167569095.1174603,2813313281.80715,2907517543.3645,3338949151.59927,3723903723.63772,4153725966.8767705,3953839593.7842703,3596448035.44747,3472194099.40131,2960306120.93557,3537721020.4115796,4310356252.83669,4756204069.61876,5885321655.91684,6548530572.35291,6584649419.28348,6622541528.56888,7516834160.25277,7890216507.68913,8452509315.87722,8776360623.298979,8724656126.498491,8022638721.92013,
99,Hungary,HUN,GDP (current US$),NY.GDP.MKTP.CD,,,,,,,,,,,,,,,,,,,,,,,,,,,,,,,,34650782427.2429,38616036221.8202,40006243367.539,43039008829.7659,46288369007.4588,46538169511.6894,47178241568.5704,48661666395.3691,49074725337.7458,47209471853.3471,53696730223.8318,67561285378.7259,85050281601.04,103694527827.45699,112589039620.20699,114801188269.404,139198195460.551,157290970540.917,129965360575.699,130255637530.908,140091591852.97598,127321135030.078,134680475647.645,139294565100.565,121715203207.64699,124342940194.419,
